duration,protocol_type,service,flag,src_bytes,dst_bytes,land,wrong_fragment,urgent,hot,num_failed_logins,logged_in,num_compromised,root_shell,su_attempted,num_root,num_file_creations,num_shells,num_access_files,num_outbound_cmds,is_host_login,is_guest_login,count,srv_count,serror_rate,srv_serror_rate,rerror_rate,srv_rerror_rate,same_srv_rate,diff_srv_rate,srv_diff_host_rate,dst_host_count,dst_host_srv_count,dst_host_same_srv_rate,dst_host_diff_srv_rate,dst_host_same_src_port_rate,dst_host_srv_diff_host_rate,dst_host_serror_rate,dst_host_srv_serror_rate,dst_host_rerror_rate,dst_host_srv_rerror_rate,classe,posicaoOriginal
0.0,2.0,46.0,9.0,215.0,0.0,0.0,0.0,0.0,0.0,0.0,0.0,0.0,0.0,0.0,0.0,0.0,0.0,0.0,0.0,0.0,0.0,1.0,1.0,0.0,0.0,0.0,0.0,1.0,0.0,0.0,235.0,195.0,0.83,0.01,0.83,0.0,0.0,0.0,0.0,0.0,1.0,9319.0
0.0,1.0,57.0,5.0,0.0,0.0,0.0,0.0,0.0,0.0,0.0,0.0,0.0,0.0,0.0,0.0,0.0,0.0,0.0,0.0,0.0,0.0,1.0,1.0,1.0,1.0,0.0,0.0,1.0,0.0,0.0,27.0,2.0,0.07,0.11,0.04,0.0,0.04,0.5,0.0,0.0,0.0,13156.0
14829.0,2.0,41.0,9.0,147.0,105.0,0.0,0.0,0.0,0.0,0.0,0.0,0.0,0.0,0.0,0.0,0.0,0.0,0.0,0.0,0.0,0.0,1.0,1.0,0.0,0.0,0.0,0.0,1.0,0.0,0.0,255.0,1.0,0.0,0.64,0.93,0.0,0.0,0.0,0.0,0.0,0.0,79361.0
0.0,1.0,23.0,1.0,0.0,0.0,0.0,0.0,0.0,0.0,0.0,0.0,0.0,0.0,0.0,0.0,0.0,0.0,0.0,0.0,0.0,0.0,1.0,1.0,0.0,0.0,1.0,1.0,1.0,0.0,0.0,5.0,5.0,1.0,0.0,0.2,0.0,0.0,0.0,1.0,1.0,0.0,97179.0
0.0,0.0,13.0,9.0,30.0,0.0,0.0,0.0,0.0,0.0,0.0,0.0,0.0,0.0,0.0,0.0,0.0,0.0,0.0,0.0,0.0,0.0,2.0,1.0,0.0,0.0,0.0,0.0,0.5,1.0,0.0,255.0,22.0,0.09,0.01,0.41,0.0,0.0,0.0,0.0,0.0,0.0,118971.0
0.0,2.0,46.0,9.0,215.0,0.0,0.0,0.0,0.0,0.0,0.0,0.0,0.0,0.0,0.0,0.0,0.0,0.0,0.0,0.0,0.0,0.0,1.0,1.0,0.0,0.0,0.0,0.0,1.0,0.0,0.0,17.0,17.0,1.0,0.0,1.0,0.0,0.0,0.0,0.0,0.0,1.0,91494.0
0.0,1.0,19.0,9.0,9.0,0.0,0.0,0.0,0.0,0.0,0.0,1.0,0.0,0.0,0.0,0.0,0.0,0.0,0.0,0.0,0.0,0.0,1.0,1.0,0.0,0.0,0.0,0.0,1.0,0.0,0.0,255.0,61.0,0.24,0.05,0.24,0.0,0.27,0.0,0.02,0.0,0.0,53814.0
0.0,1.0,17.0,9.0,7.0,0.0,0.0,0.0,0.0,0.0,0.0,0.0,0.0,0.0,0.0,0.0,0.0,0.0,0.0,0.0,0.0,0.0,1.0,1.0,0.0,0.0,0.0,0.0,1.0,0.0,0.0,37.0,9.0,0.08,0.05,0.03,0.22,0.03,0.11,0.0,0.0,0.0,32059.0
0.0,1.0,3.0,1.0,0.0,0.0,0.0,0.0,0.0,0.0,0.0,0.0,0.0,0.0,0.0,0.0,0.0,0.0,0.0,0.0,0.0,0.0,1.0,1.0,0.0,0.0,1.0,1.0,1.0,0.0,0.0,255.0,4.0,0.02,0.06,0.0,0.0,0.6,0.0,0.04,1.0,0.0,76954.0
0.0,0.0,13.0,9.0,30.0,0.0,0.0,0.0,0.0,0.0,0.0,0.0,0.0,0.0,0.0,0.0,0.0,0.0,0.0,0.0,0.0,0.0,1.0,1.0,0.0,0.0,0.0,0.0,1.0,0.0,0.0,18.0,124.0,1.0,0.0,1.0,0.44,0.0,0.0,0.0,0.0,0.0,7291.0
0.0,0.0,13.0,9.0,30.0,0.0,0.0,0.0,0.0,0.0,0.0,0.0,0.0,0.0,0.0,0.0,0.0,0.0,0.0,0.0,0.0,0.0,3.0,1.0,0.0,0.0,0.0,0.0,0.33,0.67,0.0,255.0,4.0,0.02,0.01,0.03,0.0,0.0,0.0,0.0,0.0,0.0,125956.0
0.0,1.0,19.0,9.0,12.0,0.0,0.0,0.0,0.0,0.0,0.0,1.0,0.0,0.0,0.0,0.0,0.0,0.0,0.0,0.0,0.0,0.0,2.0,2.0,0.0,0.0,0.0,0.0,1.0,0.0,0.0,122.0,75.0,0.39,0.06,0.39,0.03,0.0,0.01,0.0,0.0,0.0,122274.0
14089.0,2.0,41.0,9.0,147.0,105.0,0.0,0.0,0.0,0.0,0.0,0.0,0.0,0.0,0.0,0.0,0.0,0.0,0.0,0.0,0.0,0.0,4.0,1.0,0.0,0.0,0.0,0.0,0.25,0.75,0.0,89.0,1.0,0.01,0.51,0.8,0.0,0.0,0.0,0.0,0.0,0.0,123751.0
0.0,0.0,14.0,9.0,30.0,0.0,0.0,0.0,0.0,0.0,0.0,0.0,0.0,0.0,0.0,0.0,0.0,0.0,0.0,0.0,0.0,0.0,2.0,2.0,0.0,0.0,0.0,0.0,1.0,0.0,0.0,191.0,191.0,1.0,0.0,1.0,0.0,0.0,0.0,0.0,0.0,0.0,64602.0
4.0,1.0,19.0,9.0,832.0,0.0,0.0,0.0,0.0,0.0,0.0,1.0,0.0,0.0,0.0,0.0,0.0,0.0,0.0,0.0,0.0,0.0,1.0,1.0,0.0,0.0,0.0,0.0,1.0,0.0,0.0,3.0,28.0,1.0,0.0,1.0,0.18,0.0,0.0,0.0,0.0,1.0,222.0
0.0,1.0,19.0,9.0,334.0,0.0,0.0,0.0,0.0,0.0,0.0,1.0,0.0,0.0,0.0,0.0,0.0,0.0,0.0,0.0,0.0,0.0,1.0,1.0,0.0,0.0,0.0,0.0,1.0,0.0,0.0,3.0,7.0,1.0,0.0,1.0,0.43,0.0,0.0,0.0,0.0,1.0,102044.0
0.0,1.0,17.0,9.0,6.0,0.0,0.0,0.0,0.0,0.0,0.0,0.0,0.0,0.0,0.0,0.0,0.0,0.0,0.0,0.0,0.0,0.0,1.0,1.0,0.0,0.0,0.0,0.0,1.0,0.0,0.0,54.0,7.0,0.04,0.09,0.02,0.29,0.02,0.14,0.02,0.0,0.0,41010.0
0.0,2.0,46.0,9.0,215.0,0.0,0.0,0.0,0.0,0.0,0.0,0.0,0.0,0.0,0.0,0.0,0.0,0.0,0.0,0.0,0.0,0.0,1.0,1.0,0.0,0.0,0.0,0.0,1.0,0.0,0.0,243.0,203.0,0.84,0.01,0.84,0.0,0.0,0.0,0.0,0.0,1.0,83049.0
13639.0,2.0,41.0,9.0,147.0,105.0,0.0,0.0,0.0,0.0,0.0,0.0,0.0,0.0,0.0,0.0,0.0,0.0,0.0,0.0,0.0,0.0,4.0,2.0,0.0,0.0,0.0,0.0,0.5,0.5,0.0,255.0,2.0,0.01,0.78,1.0,0.0,0.0,0.0,0.0,0.0,0.0,100976.0
0.0,0.0,13.0,9.0,30.0,0.0,0.0,0.0,0.0,0.0,0.0,0.0,0.0,0.0,0.0,0.0,0.0,0.0,0.0,0.0,0.0,0.0,1.0,1.0,0.0,0.0,0.0,0.0,1.0,0.0,0.0,7.0,113.0,1.0,0.0,1.0,0.48,0.0,0.0,0.0,0.0,0.0,38061.0
0.0,0.0,13.0,9.0,30.0,0.0,0.0,0.0,0.0,0.0,0.0,0.0,0.0,0.0,0.0,0.0,0.0,0.0,0.0,0.0,0.0,0.0,1.0,1.0,0.0,0.0,0.0,0.0,1.0,0.0,0.0,80.0,131.0,1.0,0.0,1.0,0.21,0.0,0.0,0.0,0.0,0.0,67598.0
0.0,0.0,13.0,9.0,30.0,0.0,0.0,0.0,0.0,0.0,0.0,0.0,0.0,0.0,0.0,0.0,0.0,0.0,0.0,0.0,0.0,0.0,3.0,1.0,0.0,0.0,0.0,0.0,0.33,0.67,0.0,255.0,30.0,0.12,0.01,0.55,0.0,0.0,0.0,0.0,0.0,0.0,71062.0
0.0,0.0,13.0,9.0,30.0,0.0,0.0,0.0,0.0,0.0,0.0,0.0,0.0,0.0,0.0,0.0,0.0,0.0,0.0,0.0,0.0,0.0,4.0,1.0,0.0,0.0,0.0,0.0,0.25,0.5,0.0,255.0,25.0,0.1,0.01,0.49,0.0,0.0,0.0,0.0,0.0,0.0,115386.0
0.0,1.0,23.0,1.0,0.0,0.0,0.0,0.0,0.0,0.0,0.0,0.0,0.0,0.0,0.0,0.0,0.0,0.0,0.0,0.0,0.0,0.0,1.0,1.0,0.0,0.0,1.0,1.0,1.0,0.0,0.0,4.0,2.0,0.5,0.75,0.25,0.0,0.0,0.0,0.5,1.0,0.0,117630.0
10.0,1.0,57.0,2.0,0.0,0.0,0.0,0.0,0.0,4.0,0.0,0.0,0.0,0.0,0.0,0.0,0.0,0.0,0.0,0.0,0.0,0.0,1.0,1.0,0.0,0.0,1.0,1.0,1.0,0.0,0.0,81.0,1.0,0.01,0.06,0.01,0.0,0.0,0.0,0.01,1.0,0.0,121270.0
0.0,1.0,57.0,6.0,0.0,0.0,0.0,0.0,0.0,0.0,0.0,0.0,0.0,0.0,0.0,0.0,0.0,0.0,0.0,0.0,0.0,0.0,1.0,1.0,1.0,1.0,0.0,0.0,1.0,0.0,0.0,154.0,2.0,0.01,0.12,0.01,0.0,0.01,0.5,0.0,0.0,0.0,8826.0
12.0,1.0,19.0,9.0,7045.0,0.0,0.0,0.0,0.0,0.0,0.0,1.0,0.0,0.0,0.0,0.0,0.0,0.0,0.0,0.0,0.0,0.0,1.0,1.0,0.0,0.0,0.0,0.0,1.0,0.0,0.0,2.0,29.0,1.0,0.0,1.0,0.1,0.0,0.0,0.0,0.0,1.0,61384.0
0.0,1.0,19.0,9.0,879.0,0.0,0.0,0.0,0.0,0.0,0.0,0.0,0.0,0.0,0.0,0.0,0.0,0.0,0.0,0.0,0.0,0.0,3.0,3.0,0.0,0.0,0.0,0.0,1.0,0.0,0.0,9.0,74.0,1.0,0.0,1.0,0.03,0.0,0.0,0.0,0.0,0.0,30117.0
0.0,0.0,13.0,9.0,30.0,0.0,0.0,0.0,0.0,0.0,0.0,0.0,0.0,0.0,0.0,0.0,0.0,0.0,0.0,0.0,0.0,0.0,1.0,1.0,0.0,0.0,0.0,0.0,1.0,0.0,0.0,43.0,90.0,0.98,0.05,0.98,0.28,0.0,0.0,0.0,0.0,0.0,120855.0
0.0,0.0,13.0,9.0,30.0,0.0,0.0,0.0,0.0,0.0,0.0,0.0,0.0,0.0,0.0,0.0,0.0,0.0,0.0,0.0,0.0,0.0,2.0,2.0,0.0,0.0,0.0,0.0,1.0,0.0,0.0,218.0,218.0,1.0,0.0,1.0,0.0,0.0,0.0,0.0,0.0,0.0,121452.0
2.0,1.0,51.0,9.0,0.0,85.0,0.0,0.0,0.0,0.0,0.0,1.0,0.0,0.0,0.0,0.0,0.0,0.0,0.0,0.0,0.0,0.0,1.0,1.0,0.0,0.0,0.0,0.0,1.0,0.0,0.0,6.0,99.0,0.17,1.0,0.17,0.03,0.0,0.0,0.83,0.02,1.0,34409.0
0.0,0.0,58.0,9.0,564.0,0.0,0.0,0.0,0.0,0.0,0.0,0.0,0.0,0.0,0.0,0.0,0.0,0.0,0.0,0.0,0.0,0.0,1.0,1.0,0.0,0.0,0.0,0.0,1.0,0.0,0.0,2.0,2.0,1.0,0.0,1.0,0.0,0.0,0.0,0.0,0.0,1.0,91859.0
0.0,2.0,46.0,9.0,215.0,0.0,0.0,0.0,0.0,0.0,0.0,0.0,0.0,0.0,0.0,0.0,0.0,0.0,0.0,0.0,0.0,0.0,1.0,1.0,0.0,0.0,0.0,0.0,1.0,0.0,0.0,249.0,209.0,0.84,0.01,0.84,0.0,0.0,0.0,0.0,0.0,1.0,49516.0
0.0,0.0,14.0,9.0,30.0,0.0,0.0,0.0,0.0,0.0,0.0,0.0,0.0,0.0,0.0,0.0,0.0,0.0,0.0,0.0,0.0,0.0,1.0,1.0,0.0,0.0,0.0,0.0,1.0,0.0,0.0,157.0,157.0,1.0,0.0,1.0,0.0,0.0,0.0,0.0,0.0,0.0,52657.0
0.0,0.0,13.0,9.0,30.0,0.0,0.0,0.0,0.0,0.0,0.0,0.0,0.0,0.0,0.0,0.0,0.0,0.0,0.0,0.0,0.0,0.0,2.0,2.0,0.0,0.0,0.0,0.0,1.0,0.0,0.0,206.0,206.0,1.0,0.0,1.0,0.0,0.0,0.0,0.0,0.0,0.0,49188.0
0.0,2.0,41.0,9.0,516.0,4.0,0.0,0.0,0.0,0.0,0.0,0.0,0.0,0.0,0.0,0.0,0.0,0.0,0.0,0.0,0.0,0.0,326.0,326.0,0.0,0.0,0.0,0.0,1.0,0.0,0.0,255.0,255.0,1.0,0.0,1.0,0.0,0.0,0.0,0.0,0.0,0.0,81440.0
0.0,0.0,13.0,9.0,30.0,0.0,0.0,0.0,0.0,0.0,0.0,0.0,0.0,0.0,0.0,0.0,0.0,0.0,0.0,0.0,0.0,0.0,2.0,2.0,0.0,0.0,0.0,0.0,1.0,0.0,0.0,202.0,202.0,1.0,0.0,1.0,0.0,0.0,0.0,0.0,0.0,0.0,61033.0
0.0,1.0,19.0,9.0,19.0,0.0,0.0,0.0,0.0,0.0,0.0,0.0,0.0,0.0,0.0,0.0,0.0,0.0,0.0,0.0,0.0,0.0,1.0,1.0,0.0,0.0,0.0,0.0,1.0,0.0,0.0,255.0,98.0,0.38,0.02,0.38,0.0,0.0,0.0,0.0,0.0,0.0,80059.0
0.0,0.0,13.0,9.0,30.0,0.0,0.0,0.0,0.0,0.0,0.0,0.0,0.0,0.0,0.0,0.0,0.0,0.0,0.0,0.0,0.0,0.0,3.0,1.0,0.0,0.0,0.0,0.0,0.33,0.67,0.0,255.0,3.0,0.01,0.01,0.01,0.0,0.0,0.0,0.0,0.0,0.0,33452.0
0.0,0.0,13.0,9.0,30.0,0.0,0.0,0.0,0.0,0.0,0.0,0.0,0.0,0.0,0.0,0.0,0.0,0.0,0.0,0.0,0.0,0.0,8.0,1.0,0.0,0.0,0.0,0.0,0.12,0.38,0.0,255.0,3.0,0.01,0.01,0.06,0.0,0.0,0.0,0.0,0.0,0.0,118773.0
0.0,2.0,46.0,9.0,105.0,0.0,0.0,0.0,0.0,0.0,0.0,0.0,0.0,0.0,0.0,0.0,0.0,0.0,0.0,0.0,0.0,0.0,1.0,1.0,0.0,0.0,0.0,0.0,1.0,0.0,0.0,118.0,108.0,0.92,0.03,0.01,0.0,0.0,0.0,0.0,0.0,0.0,30385.0
0.0,0.0,13.0,9.0,30.0,0.0,0.0,0.0,0.0,0.0,0.0,0.0,0.0,0.0,0.0,0.0,0.0,0.0,0.0,0.0,0.0,0.0,1.0,1.0,0.0,0.0,0.0,0.0,1.0,0.0,0.0,226.0,50.0,0.22,0.01,0.22,0.0,0.0,0.0,0.0,0.0,0.0,33017.0
0.0,0.0,13.0,9.0,30.0,0.0,0.0,0.0,0.0,0.0,0.0,0.0,0.0,0.0,0.0,0.0,0.0,0.0,0.0,0.0,0.0,0.0,2.0,2.0,0.0,0.0,0.0,0.0,1.0,0.0,0.0,255.0,4.0,0.02,0.01,0.12,0.0,0.0,0.0,0.0,0.0,0.0,116401.0
0.0,0.0,13.0,9.0,30.0,0.0,0.0,0.0,0.0,0.0,0.0,0.0,0.0,0.0,0.0,0.0,0.0,0.0,0.0,0.0,0.0,0.0,9.0,2.0,0.0,0.0,0.0,0.0,0.22,0.33,0.0,255.0,8.0,0.03,0.01,0.1,0.0,0.0,0.0,0.0,0.0,0.0,60763.0
0.0,2.0,46.0,9.0,105.0,0.0,0.0,0.0,0.0,0.0,0.0,0.0,0.0,0.0,0.0,0.0,0.0,0.0,0.0,0.0,0.0,0.0,2.0,2.0,0.0,0.0,0.0,0.0,1.0,0.0,0.0,216.0,171.0,0.79,0.01,0.01,0.0,0.0,0.0,0.0,0.0,0.0,8327.0
0.0,2.0,11.0,9.0,44.0,128.0,0.0,0.0,0.0,0.0,0.0,0.0,0.0,0.0,0.0,0.0,0.0,0.0,0.0,0.0,0.0,0.0,314.0,313.0,0.0,0.0,0.0,0.0,1.0,0.01,0.0,203.0,170.0,0.84,0.01,0.0,0.0,0.0,0.0,0.0,0.0,0.0,121932.0
17633.0,2.0,41.0,9.0,146.0,105.0,0.0,0.0,0.0,0.0,0.0,0.0,0.0,0.0,0.0,0.0,0.0,0.0,0.0,0.0,0.0,0.0,4.0,2.0,0.0,0.0,0.0,0.0,0.5,0.5,0.0,255.0,2.0,0.01,0.86,1.0,0.0,0.0,0.0,0.0,0.0,0.0,105353.0
0.0,0.0,13.0,9.0,30.0,0.0,0.0,0.0,0.0,0.0,0.0,0.0,0.0,0.0,0.0,0.0,0.0,0.0,0.0,0.0,0.0,0.0,1.0,1.0,0.0,0.0,0.0,0.0,1.0,0.0,0.0,44.0,90.0,0.98,0.05,0.98,0.28,0.0,0.0,0.0,0.0,0.0,2151.0
0.0,0.0,13.0,9.0,30.0,0.0,0.0,0.0,0.0,0.0,0.0,0.0,0.0,0.0,0.0,0.0,0.0,0.0,0.0,0.0,0.0,0.0,2.0,1.0,0.0,0.0,0.0,0.0,0.5,1.0,0.0,255.0,8.0,0.03,0.01,0.14,0.0,0.0,0.0,0.0,0.0,0.0,86814.0
0.0,1.0,19.0,9.0,245.0,0.0,0.0,0.0,0.0,0.0,0.0,0.0,0.0,0.0,0.0,0.0,0.0,0.0,0.0,0.0,0.0,0.0,2.0,2.0,0.0,0.0,0.0,0.0,1.0,0.0,0.0,29.0,44.0,0.9,0.07,0.9,0.05,0.0,0.0,0.0,0.0,0.0,42132.0
0.0,0.0,13.0,9.0,30.0,0.0,0.0,0.0,0.0,0.0,0.0,0.0,0.0,0.0,0.0,0.0,0.0,0.0,0.0,0.0,0.0,0.0,1.0,1.0,0.0,0.0,0.0,0.0,1.0,0.0,0.0,59.0,90.0,0.98,0.03,0.98,0.19,0.0,0.0,0.0,0.0,0.0,110571.0
0.0,0.0,13.0,9.0,30.0,0.0,0.0,0.0,0.0,0.0,0.0,0.0,0.0,0.0,0.0,0.0,0.0,0.0,0.0,0.0,0.0,0.0,1.0,1.0,0.0,0.0,0.0,0.0,1.0,0.0,0.0,61.0,90.0,0.98,0.03,0.98,0.18,0.0,0.0,0.0,0.0,0.0,43582.0
0.0,1.0,23.0,1.0,0.0,0.0,0.0,0.0,0.0,0.0,0.0,0.0,0.0,0.0,0.0,0.0,0.0,0.0,0.0,0.0,0.0,0.0,12.0,12.0,0.0,0.0,1.0,1.0,1.0,0.0,0.0,58.0,255.0,1.0,0.0,0.02,0.13,0.0,0.0,1.0,0.83,0.0,64348.0
0.0,0.0,14.0,9.0,20.0,0.0,0.0,0.0,0.0,0.0,0.0,0.0,0.0,0.0,0.0,0.0,0.0,0.0,0.0,0.0,0.0,0.0,1.0,1.0,0.0,0.0,0.0,0.0,1.0,0.0,0.0,175.0,1.0,0.01,0.06,0.01,0.0,0.01,0.0,0.0,0.0,1.0,112514.0
0.0,0.0,13.0,9.0,30.0,0.0,0.0,0.0,0.0,0.0,0.0,0.0,0.0,0.0,0.0,0.0,0.0,0.0,0.0,0.0,0.0,0.0,3.0,1.0,0.0,0.0,0.0,0.0,0.33,0.67,0.0,255.0,3.0,0.01,0.01,0.06,0.0,0.0,0.0,0.0,0.0,0.0,106584.0
0.0,1.0,51.0,2.0,0.0,0.0,0.0,0.0,0.0,0.0,0.0,0.0,0.0,0.0,0.0,0.0,0.0,0.0,0.0,0.0,0.0,0.0,1.0,1.0,0.0,0.0,1.0,1.0,1.0,0.0,0.0,255.0,5.0,0.02,0.01,0.0,0.0,0.0,0.0,0.0,0.2,0.0,114392.0
0.0,0.0,14.0,9.0,30.0,0.0,0.0,0.0,0.0,0.0,0.0,0.0,0.0,0.0,0.0,0.0,0.0,0.0,0.0,0.0,0.0,0.0,1.0,1.0,0.0,0.0,0.0,0.0,1.0,0.0,0.0,152.0,152.0,1.0,0.0,1.0,0.0,0.0,0.0,0.0,0.0,0.0,21174.0
0.0,1.0,51.0,5.0,0.0,0.0,0.0,0.0,0.0,0.0,0.0,0.0,0.0,0.0,0.0,0.0,0.0,0.0,0.0,0.0,0.0,0.0,2.0,2.0,0.5,0.5,0.0,0.0,1.0,0.0,0.0,255.0,109.0,0.43,0.07,0.01,0.0,0.0,0.01,0.0,0.0,0.0,5634.0
4.0,1.0,19.0,9.0,832.0,0.0,0.0,0.0,0.0,0.0,0.0,1.0,0.0,0.0,0.0,0.0,0.0,0.0,0.0,0.0,0.0,0.0,1.0,1.0,0.0,0.0,0.0,0.0,1.0,0.0,0.0,4.0,37.0,1.0,0.0,1.0,0.14,0.0,0.0,0.0,0.0,1.0,28984.0
0.0,2.0,46.0,9.0,207.0,0.0,0.0,0.0,0.0,0.0,0.0,0.0,0.0,0.0,0.0,0.0,0.0,0.0,0.0,0.0,0.0,0.0,2.0,2.0,0.0,0.0,0.0,0.0,1.0,0.0,0.0,14.0,14.0,1.0,0.0,1.0,0.0,0.0,0.0,0.0,0.0,1.0,112078.0
0.0,0.0,13.0,9.0,30.0,0.0,0.0,0.0,0.0,0.0,0.0,0.0,0.0,0.0,0.0,0.0,0.0,0.0,0.0,0.0,0.0,0.0,1.0,1.0,0.0,0.0,0.0,0.0,1.0,0.0,0.0,198.0,198.0,1.0,0.0,1.0,0.0,0.0,0.0,0.0,0.0,0.0,48504.0
0.0,0.0,13.0,9.0,30.0,0.0,0.0,0.0,0.0,0.0,0.0,0.0,0.0,0.0,0.0,0.0,0.0,0.0,0.0,0.0,0.0,0.0,2.0,2.0,0.0,0.0,0.0,0.0,1.0,0.0,0.0,215.0,215.0,1.0,0.0,1.0,0.0,0.0,0.0,0.0,0.0,0.0,84342.0
0.0,1.0,19.0,9.0,252.0,0.0,0.0,0.0,0.0,0.0,0.0,1.0,0.0,0.0,0.0,0.0,0.0,0.0,0.0,0.0,0.0,0.0,2.0,2.0,0.0,0.0,0.0,0.0,1.0,0.0,0.0,31.0,42.0,0.1,0.1,0.1,0.05,0.0,0.0,0.0,0.0,0.0,97825.0
0.0,2.0,46.0,9.0,215.0,0.0,0.0,0.0,0.0,0.0,0.0,0.0,0.0,0.0,0.0,0.0,0.0,0.0,0.0,0.0,0.0,0.0,1.0,1.0,0.0,0.0,0.0,0.0,1.0,0.0,0.0,9.0,9.0,1.0,0.0,1.0,0.0,0.0,0.0,0.0,0.0,1.0,40346.0
0.0,0.0,14.0,9.0,30.0,0.0,0.0,0.0,0.0,0.0,0.0,0.0,0.0,0.0,0.0,0.0,0.0,0.0,0.0,0.0,0.0,0.0,1.0,1.0,0.0,0.0,0.0,0.0,1.0,0.0,0.0,153.0,153.0,1.0,0.0,1.0,0.0,0.0,0.0,0.0,0.0,0.0,10244.0
0.0,0.0,13.0,9.0,30.0,0.0,0.0,0.0,0.0,0.0,0.0,0.0,0.0,0.0,0.0,0.0,0.0,0.0,0.0,0.0,0.0,0.0,8.0,1.0,0.0,0.0,0.0,0.0,0.12,0.38,0.0,255.0,4.0,0.02,0.01,0.11,0.0,0.0,0.0,0.0,0.0,0.0,77488.0
0.0,0.0,13.0,9.0,30.0,0.0,0.0,0.0,0.0,0.0,0.0,0.0,0.0,0.0,0.0,0.0,0.0,0.0,0.0,0.0,0.0,0.0,5.0,1.0,0.0,0.0,0.0,0.0,0.2,0.6,0.0,255.0,38.0,0.15,0.01,0.67,0.0,0.0,0.0,0.0,0.0,0.0,120685.0
0.0,1.0,23.0,1.0,0.0,0.0,0.0,0.0,0.0,0.0,0.0,0.0,0.0,0.0,0.0,0.0,0.0,0.0,0.0,0.0,0.0,0.0,1.0,1.0,0.0,0.0,1.0,1.0,1.0,0.0,0.0,1.0,23.0,1.0,0.0,1.0,0.35,0.0,0.0,1.0,1.0,0.0,3017.0
0.0,1.0,51.0,5.0,0.0,0.0,0.0,0.0,0.0,0.0,0.0,0.0,0.0,0.0,0.0,0.0,0.0,0.0,0.0,0.0,0.0,0.0,2.0,2.0,0.5,0.5,0.0,0.0,1.0,0.0,0.0,190.0,122.0,0.51,0.04,0.01,0.02,0.01,0.01,0.0,0.0,0.0,27898.0
0.0,0.0,13.0,9.0,30.0,0.0,0.0,0.0,0.0,0.0,0.0,0.0,0.0,0.0,0.0,0.0,0.0,0.0,0.0,0.0,0.0,0.0,1.0,1.0,0.0,0.0,0.0,0.0,1.0,0.0,0.0,22.0,128.0,1.0,0.0,1.0,0.42,0.0,0.0,0.0,0.0,0.0,119920.0
0.0,1.0,19.0,9.0,5198.0,0.0,0.0,0.0,0.0,0.0,0.0,1.0,0.0,0.0,0.0,0.0,0.0,0.0,0.0,0.0,0.0,0.0,1.0,1.0,0.0,0.0,0.0,0.0,1.0,0.0,0.0,5.0,29.0,1.0,0.0,1.0,0.07,0.0,0.0,0.0,0.0,0.0,100059.0
0.0,1.0,51.0,5.0,0.0,0.0,0.0,0.0,0.0,0.0,0.0,0.0,0.0,0.0,0.0,0.0,0.0,0.0,0.0,0.0,0.0,0.0,5.0,2.0,0.2,0.5,0.0,0.0,0.4,0.4,0.0,102.0,100.0,0.35,0.05,0.02,0.02,0.01,0.01,0.0,0.0,0.0,62204.0
0.0,0.0,13.0,9.0,30.0,0.0,0.0,0.0,0.0,0.0,0.0,0.0,0.0,0.0,0.0,0.0,0.0,0.0,0.0,0.0,0.0,0.0,1.0,1.0,0.0,0.0,0.0,0.0,1.0,0.0,0.0,48.0,90.0,0.98,0.04,0.98,0.26,0.0,0.0,0.0,0.0,0.0,91805.0
0.0,1.0,51.0,5.0,0.0,0.0,0.0,0.0,0.0,0.0,0.0,0.0,0.0,0.0,0.0,0.0,0.0,0.0,0.0,0.0,0.0,0.0,1.0,1.0,1.0,1.0,0.0,0.0,1.0,0.0,0.0,63.0,136.0,0.33,0.03,0.02,0.01,0.97,0.15,0.0,0.0,1.0,25170.0
0.0,1.0,19.0,9.0,1153.0,0.0,0.0,0.0,0.0,0.0,0.0,1.0,0.0,0.0,0.0,0.0,0.0,0.0,0.0,0.0,0.0,0.0,2.0,2.0,0.0,0.0,0.0,0.0,1.0,0.0,0.0,6.0,6.0,1.0,0.0,1.0,0.0,0.0,0.0,0.0,0.0,0.0,32177.0
0.0,0.0,13.0,9.0,30.0,0.0,0.0,0.0,0.0,0.0,0.0,0.0,0.0,0.0,0.0,0.0,0.0,0.0,0.0,0.0,0.0,0.0,1.0,1.0,0.0,0.0,0.0,0.0,1.0,0.0,0.0,10.0,116.0,1.0,0.0,1.0,0.47,0.0,0.0,0.0,0.0,0.0,97977.0
0.0,0.0,14.0,9.0,30.0,0.0,0.0,0.0,0.0,0.0,0.0,0.0,0.0,0.0,0.0,0.0,0.0,0.0,0.0,0.0,0.0,0.0,2.0,2.0,0.0,0.0,0.0,0.0,1.0,0.0,0.0,216.0,216.0,1.0,0.0,1.0,0.0,0.0,0.0,0.0,0.0,0.0,46156.0
0.0,1.0,23.0,5.0,0.0,0.0,0.0,0.0,0.0,0.0,0.0,0.0,0.0,0.0,0.0,0.0,0.0,0.0,0.0,0.0,0.0,0.0,3.0,13.0,0.33,0.08,0.0,0.08,1.0,0.0,0.15,8.0,11.0,1.0,0.0,0.25,0.18,0.12,0.09,0.0,0.0,0.0,121850.0
0.0,1.0,23.0,1.0,0.0,0.0,0.0,0.0,0.0,0.0,0.0,0.0,0.0,0.0,0.0,0.0,0.0,0.0,0.0,0.0,0.0,0.0,1.0,21.0,0.0,0.95,1.0,0.05,1.0,0.0,0.1,68.0,50.0,0.74,0.07,0.01,0.0,0.03,0.0,0.74,1.0,0.0,120923.0
0.0,1.0,17.0,9.0,10.0,0.0,0.0,0.0,0.0,0.0,0.0,0.0,0.0,0.0,0.0,0.0,0.0,0.0,0.0,0.0,0.0,0.0,1.0,1.0,0.0,0.0,0.0,0.0,1.0,0.0,0.0,48.0,7.0,0.02,0.08,0.02,0.29,0.0,0.0,0.0,0.0,0.0,97948.0
0.0,0.0,13.0,9.0,30.0,0.0,0.0,0.0,0.0,0.0,0.0,0.0,0.0,0.0,0.0,0.0,0.0,0.0,0.0,0.0,0.0,0.0,1.0,1.0,0.0,0.0,0.0,0.0,1.0,0.0,0.0,55.0,131.0,1.0,0.0,1.0,0.3,0.0,0.0,0.0,0.0,0.0,121130.0
0.0,0.0,13.0,9.0,30.0,0.0,0.0,0.0,0.0,0.0,0.0,0.0,0.0,0.0,0.0,0.0,0.0,0.0,0.0,0.0,0.0,0.0,1.0,1.0,0.0,0.0,0.0,0.0,1.0,0.0,0.0,70.0,131.0,1.0,0.0,1.0,0.24,0.0,0.0,0.0,0.0,0.0,71989.0
7.0,1.0,57.0,2.0,0.0,15.0,0.0,0.0,0.0,0.0,0.0,0.0,0.0,0.0,0.0,0.0,0.0,0.0,0.0,0.0,0.0,0.0,1.0,1.0,0.0,0.0,1.0,1.0,1.0,0.0,0.0,53.0,2.0,0.02,0.09,0.02,1.0,0.0,0.0,0.02,0.5,0.0,25926.0
0.0,0.0,13.0,9.0,30.0,0.0,0.0,0.0,0.0,0.0,0.0,0.0,0.0,0.0,0.0,0.0,0.0,0.0,0.0,0.0,0.0,0.0,2.0,1.0,0.0,0.0,0.0,0.0,0.5,1.0,0.0,255.0,3.0,0.01,0.01,0.02,0.0,0.0,0.0,0.0,0.0,0.0,20193.0
0.0,1.0,23.0,1.0,0.0,0.0,0.0,0.0,0.0,0.0,0.0,0.0,0.0,0.0,0.0,0.0,0.0,0.0,0.0,0.0,0.0,0.0,1.0,1.0,0.0,0.0,1.0,1.0,1.0,0.0,0.0,22.0,7.0,0.32,0.23,0.05,0.0,0.05,0.0,0.32,1.0,0.0,3001.0
0.0,2.0,46.0,9.0,207.0,0.0,0.0,0.0,0.0,0.0,0.0,0.0,0.0,0.0,0.0,0.0,0.0,0.0,0.0,0.0,0.0,0.0,2.0,2.0,0.0,0.0,0.0,0.0,1.0,0.0,0.0,220.0,188.0,0.85,0.01,0.85,0.0,0.0,0.0,0.0,0.0,1.0,103015.0
0.0,0.0,13.0,9.0,30.0,0.0,0.0,0.0,0.0,0.0,0.0,0.0,0.0,0.0,0.0,0.0,0.0,0.0,0.0,0.0,0.0,0.0,1.0,1.0,0.0,0.0,0.0,0.0,1.0,0.0,0.0,238.0,58.0,0.24,0.01,0.24,0.0,0.0,0.0,0.0,0.0,0.0,22303.0
0.0,1.0,19.0,9.0,7162.0,0.0,0.0,0.0,0.0,0.0,0.0,1.0,0.0,0.0,0.0,0.0,0.0,0.0,0.0,0.0,0.0,0.0,5.0,5.0,0.0,0.0,0.0,0.0,1.0,0.0,0.0,11.0,97.0,1.0,0.0,1.0,0.02,0.0,0.01,0.0,0.0,0.0,94170.0
0.0,1.0,19.0,9.0,71.0,0.0,0.0,0.0,0.0,0.0,0.0,1.0,0.0,0.0,0.0,0.0,0.0,0.0,0.0,0.0,0.0,0.0,1.0,2.0,0.0,0.0,0.0,0.0,1.0,0.0,1.0,57.0,25.0,0.44,0.09,0.44,0.0,0.0,0.0,0.04,0.0,0.0,109869.0
0.0,0.0,13.0,9.0,30.0,0.0,0.0,0.0,0.0,0.0,0.0,0.0,0.0,0.0,0.0,0.0,0.0,0.0,0.0,0.0,0.0,0.0,2.0,1.0,0.0,0.0,0.0,0.0,0.5,1.0,0.0,255.0,4.0,0.02,0.01,0.06,0.0,0.0,0.0,0.0,0.0,0.0,28483.0
0.0,0.0,13.0,9.0,20.0,0.0,0.0,0.0,0.0,0.0,0.0,0.0,0.0,0.0,0.0,0.0,0.0,0.0,0.0,0.0,0.0,0.0,1.0,1.0,0.0,0.0,0.0,0.0,1.0,0.0,0.0,88.0,4.0,0.05,0.06,0.05,0.0,0.0,0.0,0.0,0.0,1.0,6107.0
0.0,0.0,13.0,9.0,30.0,0.0,0.0,0.0,0.0,0.0,0.0,0.0,0.0,0.0,0.0,0.0,0.0,0.0,0.0,0.0,0.0,0.0,1.0,1.0,0.0,0.0,0.0,0.0,1.0,0.0,0.0,92.0,131.0,1.0,0.0,1.0,0.16,0.0,0.0,0.0,0.0,0.0,70827.0
0.0,0.0,13.0,9.0,30.0,0.0,0.0,0.0,0.0,0.0,0.0,0.0,0.0,0.0,0.0,0.0,0.0,0.0,0.0,0.0,0.0,0.0,8.0,1.0,0.0,0.0,0.0,0.0,0.12,0.38,0.0,255.0,2.0,0.01,0.01,0.05,0.0,0.0,0.0,0.0,0.0,0.0,68427.0
0.0,1.0,19.0,9.0,209.0,0.0,0.0,0.0,0.0,0.0,0.0,1.0,0.0,0.0,0.0,1.0,0.0,0.0,0.0,0.0,0.0,0.0,2.0,2.0,0.0,0.0,0.0,0.0,1.0,0.0,0.0,32.0,54.0,0.12,0.12,0.12,0.06,0.0,0.0,0.0,0.0,0.0,79555.0
0.0,2.0,46.0,9.0,207.0,0.0,0.0,0.0,0.0,0.0,0.0,0.0,0.0,0.0,0.0,0.0,0.0,0.0,0.0,0.0,0.0,0.0,2.0,2.0,0.0,0.0,0.0,0.0,1.0,0.0,0.0,212.0,180.0,0.85,0.01,0.85,0.0,0.0,0.0,0.0,0.0,1.0,56140.0
0.0,1.0,51.0,9.0,0.0,91.0,0.0,0.0,0.0,0.0,0.0,1.0,0.0,0.0,0.0,0.0,0.0,0.0,0.0,0.0,0.0,0.0,1.0,1.0,0.0,0.0,0.0,0.0,1.0,0.0,0.0,6.0,51.0,0.17,1.0,0.17,0.04,0.0,0.0,0.83,0.0,1.0,96410.0
0.0,0.0,13.0,9.0,30.0,0.0,0.0,0.0,0.0,0.0,0.0,0.0,0.0,0.0,0.0,0.0,0.0,0.0,0.0,0.0,0.0,0.0,5.0,1.0,0.0,0.0,0.0,0.0,0.2,0.6,0.0,255.0,37.0,0.15,0.01,0.66,0.0,0.0,0.0,0.0,0.0,0.0,113848.0
0.0,1.0,19.0,9.0,383.0,0.0,0.0,0.0,0.0,0.0,0.0,1.0,0.0,0.0,0.0,0.0,0.0,0.0,0.0,0.0,0.0,0.0,2.0,2.0,0.0,0.0,0.0,0.0,1.0,0.0,0.0,52.0,76.0,0.42,0.06,0.42,0.03,0.0,0.0,0.0,0.0,0.0,36966.0
0.0,1.0,19.0,9.0,740.0,0.0,0.0,0.0,0.0,0.0,0.0,0.0,0.0,0.0,0.0,0.0,0.0,0.0,0.0,0.0,0.0,0.0,1.0,1.0,0.0,0.0,0.0,0.0,1.0,0.0,0.0,1.0,1.0,1.0,0.0,1.0,0.0,0.0,0.0,0.0,0.0,0.0,65415.0
0.0,0.0,13.0,9.0,30.0,0.0,0.0,0.0,0.0,0.0,0.0,0.0,0.0,0.0,0.0,0.0,0.0,0.0,0.0,0.0,0.0,0.0,2.0,2.0,0.0,0.0,0.0,0.0,1.0,0.0,0.0,141.0,141.0,1.0,0.0,1.0,0.0,0.0,0.0,0.0,0.0,0.0,51471.0
3030.0,2.0,11.0,9.0,17.0,17.0,0.0,0.0,0.0,0.0,0.0,0.0,0.0,0.0,0.0,0.0,0.0,0.0,0.0,0.0,0.0,0.0,2.0,2.0,0.0,0.0,0.0,0.0,1.0,0.0,0.0,255.0,171.0,0.67,0.01,0.11,0.0,0.0,0.0,0.0,0.0,0.0,19083.0
0.0,0.0,14.0,9.0,30.0,0.0,0.0,0.0,0.0,0.0,0.0,0.0,0.0,0.0,0.0,0.0,0.0,0.0,0.0,0.0,0.0,0.0,1.0,1.0,0.0,0.0,0.0,0.0,1.0,0.0,0.0,167.0,167.0,1.0,0.0,1.0,0.0,0.0,0.0,0.0,0.0,0.0,43706.0
0.0,1.0,19.0,9.0,334.0,0.0,0.0,0.0,0.0,0.0,0.0,1.0,0.0,0.0,0.0,0.0,0.0,0.0,0.0,0.0,0.0,0.0,2.0,2.0,0.0,0.0,0.0,0.0,1.0,0.0,0.0,6.0,10.0,1.0,0.0,1.0,0.3,0.0,0.0,0.0,0.0,1.0,40971.0
0.0,0.0,14.0,9.0,30.0,0.0,0.0,0.0,0.0,0.0,0.0,0.0,0.0,0.0,0.0,0.0,0.0,0.0,0.0,0.0,0.0,0.0,2.0,2.0,0.0,0.0,0.0,0.0,1.0,0.0,0.0,178.0,178.0,1.0,0.0,1.0,0.0,0.0,0.0,0.0,0.0,0.0,60984.0
0.0,1.0,17.0,9.0,7.0,0.0,0.0,0.0,0.0,0.0,0.0,0.0,0.0,0.0,0.0,0.0,0.0,0.0,0.0,0.0,0.0,0.0,1.0,1.0,0.0,0.0,0.0,0.0,1.0,0.0,0.0,59.0,4.0,0.02,0.07,0.02,0.5,0.0,0.0,0.0,0.0,0.0,1756.0
0.0,1.0,23.0,1.0,0.0,0.0,0.0,0.0,0.0,0.0,0.0,0.0,0.0,0.0,0.0,0.0,0.0,0.0,0.0,0.0,0.0,0.0,511.0,1.0,0.0,0.0,0.0,1.0,0.0,0.0,0.0,87.0,65.0,0.75,0.02,0.01,0.0,0.0,0.0,0.75,1.0,0.0,73119.0
0.0,1.0,17.0,9.0,6.0,0.0,0.0,0.0,0.0,0.0,0.0,0.0,0.0,0.0,0.0,0.0,0.0,0.0,0.0,0.0,0.0,0.0,1.0,1.0,0.0,0.0,0.0,0.0,1.0,0.0,0.0,47.0,10.0,0.09,0.06,0.02,0.2,0.02,0.1,0.0,0.0,0.0,23148.0
0.0,1.0,51.0,1.0,0.0,0.0,0.0,0.0,0.0,0.0,0.0,0.0,0.0,0.0,0.0,0.0,0.0,0.0,0.0,0.0,0.0,0.0,1.0,2.0,0.0,0.0,1.0,0.5,1.0,0.0,1.0,173.0,68.0,0.24,0.02,0.01,0.03,0.0,0.0,0.01,0.03,0.0,68013.0
0.0,0.0,13.0,9.0,30.0,0.0,0.0,0.0,0.0,0.0,0.0,0.0,0.0,0.0,0.0,0.0,0.0,0.0,0.0,0.0,0.0,0.0,2.0,1.0,0.0,0.0,0.0,0.0,0.5,1.0,0.0,255.0,2.0,0.01,0.01,0.09,0.0,0.0,0.0,0.0,0.0,0.0,55289.0
0.0,0.0,13.0,9.0,30.0,0.0,0.0,0.0,0.0,0.0,0.0,0.0,0.0,0.0,0.0,0.0,0.0,0.0,0.0,0.0,0.0,0.0,2.0,1.0,0.0,0.0,0.0,0.0,0.5,1.0,0.0,255.0,3.0,0.01,0.01,0.05,0.0,0.0,0.0,0.0,0.0,0.0,15016.0
0.0,1.0,0.0,6.0,0.0,0.0,0.0,0.0,0.0,0.0,0.0,0.0,0.0,0.0,0.0,0.0,0.0,0.0,0.0,0.0,0.0,0.0,1.0,1.0,1.0,1.0,0.0,0.0,1.0,0.0,0.0,43.0,34.0,0.79,0.07,0.16,0.0,0.02,0.03,0.65,0.82,0.0,5902.0
0.0,0.0,14.0,9.0,30.0,0.0,0.0,0.0,0.0,0.0,0.0,0.0,0.0,0.0,0.0,0.0,0.0,0.0,0.0,0.0,0.0,0.0,2.0,2.0,0.0,0.0,0.0,0.0,1.0,0.0,0.0,174.0,174.0,1.0,0.0,1.0,0.0,0.0,0.0,0.0,0.0,0.0,83025.0
0.0,0.0,13.0,9.0,30.0,0.0,0.0,0.0,0.0,0.0,0.0,0.0,0.0,0.0,0.0,0.0,0.0,0.0,0.0,0.0,0.0,0.0,2.0,2.0,0.0,0.0,0.0,0.0,1.0,0.0,0.0,220.0,220.0,1.0,0.0,1.0,0.0,0.0,0.0,0.0,0.0,0.0,6313.0
0.0,1.0,23.0,1.0,0.0,0.0,0.0,0.0,0.0,0.0,0.0,0.0,0.0,0.0,0.0,0.0,0.0,0.0,0.0,0.0,0.0,0.0,1.0,1.0,0.0,0.0,1.0,1.0,1.0,0.0,0.0,1.0,32.0,1.0,0.0,1.0,0.22,0.0,0.0,1.0,1.0,0.0,106380.0
0.0,1.0,19.0,9.0,192.0,0.0,0.0,0.0,0.0,0.0,0.0,1.0,0.0,0.0,0.0,0.0,0.0,0.0,0.0,0.0,0.0,0.0,1.0,1.0,0.0,0.0,0.0,0.0,1.0,0.0,0.0,5.0,46.0,0.8,0.4,0.8,0.04,0.0,0.0,0.0,0.0,0.0,22849.0
0.0,1.0,57.0,6.0,0.0,0.0,0.0,0.0,0.0,0.0,0.0,0.0,0.0,0.0,0.0,0.0,0.0,0.0,0.0,0.0,0.0,0.0,1.0,1.0,1.0,1.0,0.0,0.0,1.0,0.0,0.0,98.0,1.0,0.01,0.07,0.01,0.0,0.01,1.0,0.0,0.0,0.0,86237.0
0.0,0.0,13.0,9.0,30.0,0.0,0.0,0.0,0.0,0.0,0.0,0.0,0.0,0.0,0.0,0.0,0.0,0.0,0.0,0.0,0.0,0.0,1.0,1.0,0.0,0.0,0.0,0.0,1.0,0.0,0.0,255.0,3.0,0.01,0.01,0.01,0.0,0.0,0.0,0.0,0.0,0.0,89035.0
0.0,1.0,19.0,9.0,245.0,0.0,0.0,0.0,0.0,0.0,0.0,0.0,0.0,0.0,0.0,0.0,0.0,0.0,0.0,0.0,0.0,0.0,2.0,2.0,0.0,0.0,0.0,0.0,1.0,0.0,0.0,37.0,46.0,0.05,0.16,0.05,0.04,0.0,0.0,0.0,0.0,0.0,41554.0
0.0,0.0,14.0,9.0,30.0,0.0,0.0,0.0,0.0,0.0,0.0,0.0,0.0,0.0,0.0,0.0,0.0,0.0,0.0,0.0,0.0,0.0,2.0,2.0,0.0,0.0,0.0,0.0,1.0,0.0,0.0,156.0,156.0,1.0,0.0,1.0,0.0,0.0,0.0,0.0,0.0,0.0,2589.0
0.0,0.0,13.0,9.0,30.0,0.0,0.0,0.0,0.0,0.0,0.0,0.0,0.0,0.0,0.0,0.0,0.0,0.0,0.0,0.0,0.0,0.0,2.0,1.0,0.0,0.0,0.0,0.0,0.5,1.0,0.0,233.0,2.0,0.01,0.01,0.04,0.0,0.0,0.0,0.0,0.0,0.0,81966.0
0.0,1.0,17.0,5.0,0.0,0.0,1.0,0.0,0.0,0.0,0.0,0.0,0.0,0.0,0.0,0.0,0.0,0.0,0.0,0.0,0.0,0.0,1.0,1.0,1.0,1.0,0.0,0.0,1.0,0.0,0.0,1.0,6.0,1.0,0.0,1.0,0.5,1.0,0.17,0.0,0.0,0.0,82725.0
0.0,0.0,13.0,9.0,30.0,0.0,0.0,0.0,0.0,0.0,0.0,0.0,0.0,0.0,0.0,0.0,0.0,0.0,0.0,0.0,0.0,0.0,3.0,1.0,0.0,0.0,0.0,0.0,0.33,1.0,0.0,255.0,3.0,0.01,0.01,0.09,0.0,0.0,0.0,0.0,0.0,0.0,98279.0
0.0,0.0,14.0,9.0,30.0,0.0,0.0,0.0,0.0,0.0,0.0,0.0,0.0,0.0,0.0,0.0,0.0,0.0,0.0,0.0,0.0,0.0,1.0,1.0,0.0,0.0,0.0,0.0,1.0,0.0,0.0,211.0,211.0,1.0,0.0,1.0,0.0,0.0,0.0,0.0,0.0,0.0,76043.0
0.0,1.0,51.0,5.0,0.0,0.0,0.0,0.0,0.0,0.0,0.0,0.0,0.0,0.0,0.0,0.0,0.0,0.0,0.0,0.0,0.0,0.0,2.0,2.0,0.5,0.5,0.0,0.0,1.0,0.0,0.0,67.0,99.0,0.4,0.21,0.03,0.02,0.03,0.01,0.0,0.0,0.0,69540.0
4.0,1.0,57.0,2.0,0.0,15.0,0.0,0.0,0.0,0.0,0.0,0.0,0.0,0.0,0.0,0.0,0.0,0.0,0.0,0.0,0.0,0.0,1.0,1.0,0.0,0.0,1.0,1.0,1.0,0.0,0.0,130.0,1.0,0.01,0.05,0.01,0.0,0.0,0.0,0.01,1.0,0.0,1040.0
0.0,1.0,17.0,9.0,7.0,0.0,0.0,0.0,0.0,0.0,0.0,0.0,0.0,0.0,0.0,0.0,0.0,0.0,0.0,0.0,0.0,0.0,1.0,1.0,0.0,0.0,0.0,0.0,1.0,0.0,0.0,42.0,10.0,0.1,0.05,0.02,0.2,0.02,0.1,0.0,0.0,0.0,80412.0
0.0,1.0,19.0,9.0,11.0,0.0,0.0,0.0,0.0,0.0,0.0,0.0,0.0,0.0,0.0,0.0,0.0,0.0,0.0,0.0,0.0,0.0,1.0,1.0,0.0,0.0,0.0,0.0,1.0,0.0,0.0,255.0,4.0,0.02,0.07,0.02,0.0,0.92,0.0,0.0,0.0,0.0,26310.0
0.0,2.0,46.0,9.0,207.0,0.0,0.0,0.0,0.0,0.0,0.0,0.0,0.0,0.0,0.0,0.0,0.0,0.0,0.0,0.0,0.0,0.0,2.0,2.0,0.0,0.0,0.0,0.0,1.0,0.0,0.0,253.0,212.0,0.84,0.01,0.84,0.0,0.0,0.0,0.0,0.0,0.0,108226.0
